lemma	label	cosine_similarity	spearman_correlation
abbauen	2.0	0.4415367841720581	0.7351388199302153
abbauen	3.0	0.7157884240150452
abbauen	2.0	0.41297414898872375
abbauen	4.0	0.7230794429779053
abbauen	4.0	0.3599570393562317
abbauen	3.5	0.49411341547966003
abbauen	2.5	0.6608966588973999
abbauen	2.0	0.6497939825057983
abbauen	2.0	0.7603205442428589
abbauen	3.0	0.6963722705841064
abbauen	2.0	0.3543543219566345
abbauen	1.5	0.26907777786254883
abbauen	2.0	0.30797308683395386
abbauen	4.0	0.8995553255081177
abbauen	3.5	0.8033499717712402
abbauen	3.0	0.7583953142166138
abbauen	2.5	0.41267919540405273
abbauen	2.0	0.3298594355583191
abbauen	4.0	0.7194370627403259
abbauen	2.5	0.6863038539886475
abbauen	4.0	0.827394962310791
abbauen	4.0	0.5629205107688904
abbauen	4.0	0.5831118822097778
abbauen	2.5	0.40059491991996765
abbauen	4.0	0.8859829902648926
abbauen	4.0	0.7191129326820374
abbauen	2.0	0.44435110688209534
abbauen	4.0	0.9308226108551025
abbauen	3.0	0.6110525131225586
abbauen	2.0	0.31248876452445984
abbauen	3.0	0.28242313861846924
abbauen	3.5	0.8268674612045288
abbauen	4.0	0.8706904649734497
abbauen	4.0	0.8661098480224609
abbauen	3.0	0.5779846906661987
abbauen	2.0	0.5775777101516724
abbauen	2.0	0.6002030968666077
abbauen	4.0	0.92165607213974
abbauen	3.5	0.6256445646286011
abbauen	2.0	0.4295419454574585
abbauen	3.5	0.6176203489303589
abbauen	4.0	0.7296390533447266
abbauen	3.5	0.7231951951980591
abbauen	3.5	0.9239082336425781
abbauen	4.0	0.9295293092727661
abbauen	2.0	0.35953468084335327
abbauen	3.0	0.9497183561325073
abbauen	1.5	0.3024051785469055
abbauen	4.0	0.9318296909332275
abbauen	2.0	0.32798027992248535
abbauen	4.0	0.6606800556182861
abbauen	2.0	0.3955332934856415
abbauen	2.0	0.30212774872779846
abbauen	3.5	0.6527184844017029
abbauen	2.0	0.2180219441652298
abbauen	2.0	0.29203468561172485
abbauen	2.0	0.3362172842025757
abbauen	4.0	0.7948918342590332
abbauen	3.0	0.7223957180976868
abbauen	3.5	0.6864058375358582
abbauen	2.0	0.3149983286857605
abbauen	3.0	0.798060417175293
abbauen	3.0	0.6620416641235352
abbauen	3.5	0.7437941431999207
abbauen	3.0	0.9080162048339844
abbauen	4.0	0.7497448325157166
abbauen	4.0	0.9320274591445923
abbauen	2.0	0.38533055782318115
abbauen	3.5	0.8114510178565979
abbauen	3.0	0.6615713834762573
abbauen	2.0	0.46793797612190247
abbauen	4.0	0.9347764253616333
abbauen	4.0	0.5012865662574768
abbauen	4.0	0.6489051580429077
abbauen	2.0	0.4002342224121094
abbauen	4.0	0.9296068549156189
abbauen	2.0	0.6333743333816528
abbauen	3.5	0.7922122478485107
abbauen	3.0	0.7924283742904663
abbauen	3.0	0.8890210390090942
abbauen	3.5	0.8915376663208008
abbauen	4.0	0.8163816928863525
abbauen	3.0	0.739627480506897
abbauen	4.0	0.7284132242202759
abbauen	2.0	0.5422742366790771
abbauen	2.0	0.38618004322052
abbauen	2.0	0.4708503484725952
abbauen	2.0	0.5545819997787476
abbauen	1.0	0.41698727011680603
abbauen	2.0	0.3493398427963257
abbauen	2.0	0.46454235911369324
abbauen	2.0	0.44273892045021057
abbauen	2.0	0.45233750343322754
abbauen	2.0	0.43897467851638794
abbauen	2.0	0.6034325361251831
abbauen	2.0	0.5247395634651184
abbauen	2.0	0.35524827241897583
abbauen	2.0	0.4275270700454712
abbauen	2.0	0.4416266977787018
abbauen	2.0	0.33969247341156006
abbauen	4.0	0.7390764951705933
abbauen	1.5	0.29238855838775635
abbauen	1.0	0.319122314453125
abbauen	2.0	0.398835688829422
abbauen	3.0	0.7550848722457886
abbauen	2.0	0.8313535451889038
abbauen	1.5	0.7916945219039917
abbauen	3.5	0.8094297647476196
abbauen	4.0	0.8119024634361267
abbauen	2.5	0.804996132850647
abbauen	2.0	0.5132713317871094
abbauen	4.0	0.7406647205352783
abbauen	4.0	0.7016488909721375
abbauen	4.0	0.6395257115364075
abbauen	2.5	0.20667803287506104
abbauen	4.0	0.45703473687171936
abbauen	1.5	0.5717438459396362
abbauen	3.5	0.48343244194984436
abbauen	1.5	0.31598803400993347
abbauen	4.0	0.7782914042472839
abbauen	2.0	0.46123206615448
abbauen	2.0	0.379854291677475
abbauen	2.0	0.34263238310813904
abbauen	3.5	0.5428435802459717
abbauen	4.0	0.7026973962783813
abbauen	2.0	0.3509877026081085
abbauen	2.0	0.263808012008667
abbauen	2.0	0.1876169592142105
abbauen	2.0	0.35789355635643005
abbauen	4.0	0.6835787892341614
abbauen	2.5	0.30658066272735596
abbauen	4.0	0.8383074998855591
abbauen	4.0	0.8090000748634338
abbauen	4.0	0.6824078559875488
abbauen	4.0	0.6924889087677002
abbauen	4.0	0.6975201368331909
abbauen	2.0	0.41564613580703735
abbauen	4.0	0.8263304233551025
abbauen	3.0	0.7852339148521423
abbauen	4.0	0.7169760465621948
abbauen	4.0	0.872328519821167
abbauen	2.0	0.2803747355937958
abbauen	4.0	0.9044110774993896
abbauen	2.0	0.3007435202598572
abbauen	2.0	0.18838979303836823
abbauen	2.0	0.24231918156147003
abbauen	2.0	0.17103023827075958
abbauen	2.0	0.2327214777469635
abbauen	2.0	0.40209871530532837
abbauen	2.0	0.2590235769748688
abbauen	4.0	0.7951473593711853
abbauen	4.0	0.8656033277511597
abbauen	4.0	0.6460748910903931
abbauen	2.0	0.6118497848510742
abbauen	3.5	0.791843056678772
abbauen	2.0	0.2880765199661255
abbauen	3.5	0.6784328818321228
abbauen	3.5	0.7666633129119873
abbauen	3.0	0.7393313646316528
abbauen	3.0	0.6758794188499451
abbauen	2.0	0.520859956741333
abbauen	3.5	0.6333555579185486
abbauen	4.0	0.7336896657943726
abbauen	2.0	0.3760508894920349
abbauen	3.0	0.6919944286346436
abbauen	4.0	0.6988102197647095
abbauen	2.0	0.5800397992134094
abbauen	3.0	0.7025312185287476
abbauen	3.5	0.6679351925849915
abbauen	3.0	0.6209723949432373
abbauen	2.0	0.33450841903686523
abbauen	2.0	0.33497729897499084
abbauen	2.0	0.507041335105896
abbauen	3.0	0.4888051152229309
abbauen	2.0	0.5383520722389221
abbauen	2.0	0.46009397506713867
abbauen	2.0	0.34683871269226074
abbauen	2.0	0.31627315282821655
abbauen	2.0	0.3449513912200928
abbauen	2.0	0.2851863503456116
abbauen	2.0	0.2761111259460449
abbauen	2.0	0.29419049620628357
abbauen	2.0	0.3703852593898773
abbauen	2.0	0.4138874411582947
abbauen	2.0	0.4266967177391052
abbauen	2.0	0.45060068368911743
abbauen	2.0	0.3367964029312134
abbauen	1.0	0.3629288077354431
abbauen	2.0	0.41366371512413025
abbauen	1.5	0.2462277114391327
abbauen	2.0	0.41214054822921753
abbauen	2.0	0.3401285409927368
abbauen	2.0	0.5585022568702698
abbauen	4.0	0.7308182716369629
abbauen	2.0	0.49570968747138977
abbauen	3.5	0.7779166102409363
abbauen	2.5	0.6632595062255859
abbauen	4.0	0.8799810409545898
abbauen	2.0	0.4851849675178528
abbauen	2.0	0.599861204624176
abbauen	2.0	0.22337059676647186
abbauen	2.5	0.3129303455352783
abbauen	4.0	0.7867586612701416
abbauen	3.5	0.723020076751709
abbauen	4.0	0.9293162822723389
abbauen	2.0	0.5030759572982788
abbauen	2.0	0.29631152749061584
abbauen	2.0	0.29774463176727295
abbauen	3.0	0.35544487833976746
abbauen	3.5	0.7281892895698547
abbauen	2.0	0.403653085231781
abbauen	3.0	0.40076375007629395
abbauen	2.0	0.19141274690628052
abbauen	3.5	0.6155246496200562
abbauen	2.0	0.29515478014945984
abbauen	2.0	0.43234872817993164
abbauen	2.0	0.37518075108528137
abbauen	2.0	0.4435432255268097
abbauen	4.0	0.4909204840660095
abbauen	2.0	0.642704963684082
abbauen	4.0	0.8818307518959045
abbauen	2.5	0.49001049995422363
abbauen	2.0	0.37003272771835327
abbauen	2.0	0.40298548340797424
abbauen	2.0	0.4571724832057953
abbauen	2.0	0.4073737859725952
abbauen	2.0	0.34384995698928833
abbauen	2.0	0.33327269554138184
abbauen	2.0	0.40255340933799744
abbauen	2.0	0.3456381559371948
abbauen	2.0	0.3778262734413147
abbauen	2.0	0.38728898763656616
abbauen	2.0	0.35348939895629883
abbauen	2.0	0.40104326605796814
abbauen	2.0	0.3601926565170288
abbauen	3.5	0.7923678755760193
abbauen	2.0	0.6024833917617798
abbauen	2.0	0.4960591495037079
abbauen	1.5	0.6103202104568481
abbauen	3.5	0.7689127326011658
abbauen	4.0	0.7408285737037659
abbauen	2.5	0.5027800798416138
abbauen	2.0	0.631782591342926
abbauen	2.0	0.3780137598514557
abbauen	3.5	0.5396702289581299
abbauen	2.0	0.21303963661193848
abbauen	2.0	0.588640570640564
abbauen	2.0	0.33887892961502075
abbauen	2.0	0.3369740843772888
abbauen	2.0	0.25905942916870117
abbauen	2.0	0.27217477560043335
abbauen	2.0	0.3424034118652344
abbauen	2.0	0.19729360938072205
abbauen	4.0	0.4011401832103729
abbauen	3.0	0.39752304553985596
abbauen	2.0	0.3674663007259369
abbauen	3.5	0.830214262008667
abbauen	2.0	0.6674470901489258
abbauen	3.0	0.49189212918281555
abbauen	3.0	0.643051266670227
abbauen	2.0	0.781356692314148
abbauen	4.0	0.7132655382156372
abbauen	4.0	0.788372278213501
abbauen	4.0	0.7383313775062561
abbauen	3.0	0.5680481195449829
abbauen	4.0	0.9217214584350586
abbauen	2.0	0.43985140323638916
abbauen	2.5	0.5633002519607544
abbauen	2.0	0.4788530766963959
abbauen	2.0	0.5497535467147827
abbauen	2.0	0.5528945922851562
abbauen	2.0	0.25654417276382446
abbauen	4.0	0.43299034237861633
abbauen	2.0	0.3678756654262543
abbauen	2.0	0.47131234407424927
abbauen	3.0	0.27929583191871643
abbauen	3.0	0.6953139901161194
abbauen	4.0	0.3908388912677765
abbauen	2.0	0.5560194253921509
abbauen	3.5	0.6955356597900391
abbauen	4.0	0.8606716394424438
abbauen	4.0	0.9198564291000366
abbauen	1.5	0.4655875265598297
abbauen	2.0	0.4803004264831543
abbauen	2.0	0.31106045842170715
abbauen	1.5	0.4766480326652527
abbauen	2.0	0.253580242395401
abbauen	4.0	0.617600679397583
abbauen	3.0	0.23457728326320648
abbauen	2.0	0.1546107679605484
abbauen	2.0	0.35317936539649963
abbauen	2.0	0.15852907299995422
abbauen	2.0	0.1593201607465744
abbauen	3.0	0.2162797600030899
abbauen	2.0	0.20897383987903595
abbauen	2.0	0.41161176562309265
abbauen	3.0	0.8295557498931885
abbauen	2.5	0.5549564361572266
abbauen	4.0	0.8511402606964111
abbauen	3.5	0.5346742272377014
abbauen	3.0	0.6019083261489868
abbauen	2.5	0.7459381818771362
abbauen	2.5	0.5630800127983093
abbauen	2.5	0.6149070858955383
abbauen	4.0	0.7666686773300171
abbauen	2.0	0.4676976799964905
abbauen	3.0	0.7398539185523987
abbauen	3.5	0.3399846851825714
abbauen	3.5	0.30417758226394653
abbauen	2.0	0.2529992461204529
abbauen	2.0	0.34841179847717285
abbauen	4.0	0.40940529108047485
abbauen	3.5	0.5234224200248718
abbauen	2.5	0.5655727386474609
abbauen	3.5	0.7805756330490112
abbauen	4.0	0.591457724571228
abbauen	4.0	0.9575566053390503
abbauen	4.0	0.6102640628814697
abbauen	4.0	0.7208837270736694
abbauen	4.0	0.8406393527984619
abbauen	3.0	0.5189943313598633
abbauen	4.0	0.7820715308189392
abbauen	4.0	0.9050411581993103
abbauen	4.0	0.9361319541931152
abbauen	4.0	0.8050560355186462
abbauen	3.5	0.8997364640235901
abbauen	4.0	0.6458021998405457
abbauen	4.0	0.6679452657699585
abbauen	4.0	0.7059173583984375
abbauen	3.0	0.5128312110900879
abbauen	4.0	0.7525529265403748
abbauen	4.0	0.8682490587234497
abbauen	4.0	0.690253734588623
abbauen	3.5	0.7018599510192871
abbauen	4.0	0.9676597714424133
abbauen	4.0	0.9086393117904663
abbauen	4.0	0.8508846759796143
abbauen	2.0	0.7211416363716125
abbauen	2.0	0.6826130151748657
abbauen	3.0	0.40600326657295227
abbauen	3.0	0.6871340274810791
abbauen	2.0	0.638498067855835
abbauen	2.0	0.3628930449485779
abbauen	4.0	0.9461455345153809
abbauen	3.5	0.8509042263031006
abbauen	4.0	0.8425628542900085
abbauen	2.5	0.7460637092590332
abbauen	4.0	0.8656842112541199
abbauen	4.0	0.8160967230796814
abbauen	4.0	0.904983401298523
abbauen	4.0	0.9040957689285278
abbauen	4.0	0.8858234882354736
abbauen	4.0	0.7667717933654785
abbauen	1.0	0.4201893210411072
abbauen	4.0	0.5871560573577881
abbauen	4.0	0.7231751084327698
abbauen	4.0	0.7479794025421143
abbauen	2.0	0.3912813067436218
abbauen	3.5	0.7080332040786743
abbauen	3.5	0.7956596612930298
abbauen	2.0	0.2634952962398529
abbauen	3.5	0.8350262641906738
abbauen	4.0	0.9392727613449097
abbauen	1.0	0.376910924911499
abbauen	1.5	0.22995108366012573
abbauen	4.0	0.6436797380447388
abbauen	1.5	0.5256280899047852
abbauen	3.0	0.45872026681900024
abbauen	3.0	0.9237532019615173
abbauen	4.0	0.5218185186386108
abbauen	4.0	0.9168292880058289
abbauen	2.0	0.3883054852485657
abbauen	2.0	0.330201655626297
abbauen	4.0	0.8222449421882629
abbauen	2.0	0.41910988092422485
abbauen	4.0	0.6910601854324341
abbauen	2.0	0.5612549781799316
abbauen	1.0	0.48483002185821533
abbauen	2.0	0.6214413046836853
abbauen	4.0	0.9365190267562866
abbauen	2.0	0.21425238251686096
abbauen	2.0	0.2498989850282669
abbauen	2.0	0.3092971444129944
abbauen	2.0	0.30331873893737793
abbauen	2.0	0.31821054220199585
abbauen	4.0	0.8551787734031677
abbauen	2.0	0.3260887563228607
abbauen	4.0	0.8522050380706787
abbauen	2.0	0.29404592514038086
abbauen	4.0	0.6671575307846069
abbauen	1.0	0.7667368650436401
abbauen	4.0	0.834884524345398
abbauen	4.0	0.9486386179924011
abbauen	3.0	0.8480410575866699
abbauen	4.0	0.8808494806289673
abbauen	2.0	0.3477291464805603
abbauen	3.0	0.45279043912887573
abbauen	4.0	0.8354790210723877
abbauen	4.0	0.6787758469581604
abbauen	2.0	0.38909855484962463
abbauen	2.0	0.3726148009300232
abbauen	2.0	0.33400046825408936
abbauen	2.0	0.28117361664772034
abbauen	4.0	0.8511344790458679
abbauen	2.0	0.23223961889743805
abbauen	2.0	0.2247067391872406
abbauen	2.0	0.4110858738422394
abbauen	2.0	0.4292622208595276
abbauen	2.0	0.45581918954849243
abbauen	3.5	0.5760538578033447
abbauen	4.0	0.9569147825241089
abbauen	4.0	0.9309654235839844
abbauen	2.0	0.3697836399078369
abbauen	1.0	0.3112124800682068
abbauen	4.0	0.5063726902008057
abbauen	3.0	0.44159314036369324
abbauen	3.0	0.409869521856308
abbauen	1.0	0.25366032123565674
abbauen	2.0	0.37603282928466797
abbauen	1.0	0.25309211015701294
abbauen	2.0	0.1536676585674286
abbauen	4.0	0.8650693893432617
abbauen	2.0	0.2660420536994934
abbauen	2.0	0.1756305694580078
abbauen	4.0	0.9174835681915283
abbauen	4.0	0.8900102376937866
abbauen	1.0	0.39959603548049927
abbauen	1.0	0.29986870288848877
abbauen	1.0	0.32558202743530273
abbauen	1.0	0.6512095332145691
abbauen	1.0	0.6289386749267578
abbauen	1.0	0.6741386651992798
abbauen	4.0	0.9170786142349243
abbauen	3.5	0.8311537504196167
abbauen	2.0	0.31916654109954834
abbauen	4.0	0.6431087255477905
abbauen	4.0	0.7295650243759155
abbauen	4.0	0.9080626368522644
abbauen	4.0	0.9191264510154724
abbauen	1.5	0.209239199757576
abbauen	2.0	0.39880144596099854
abbauen	1.0	0.3129134178161621
abbauen	1.0	0.33771783113479614
abbauen	2.5	0.49750304222106934
abbauen	1.0	0.639833390712738
abbauen	4.0	0.859189510345459
abbauen	1.0	0.3608166575431824
abbauen	2.0	0.39984413981437683
abbauen	2.0	0.4264509975910187
abbauen	3.5	0.301376074552536
abbauen	2.0	0.42651134729385376
abbauen	3.0	0.6184656620025635
abbauen	3.0	0.8690966963768005
abbauen	4.0	0.84228515625
abbauen	2.0	0.48525282740592957
abbauen	3.0	0.4406284987926483
abbauen	2.0	0.3222724497318268
abbauen	2.0	0.21554207801818848
abbauen	3.0	0.46480780839920044
abbauen	1.5	0.3367137014865875
abbauen	1.0	0.39270633459091187
abbauen	1.0	0.387157678604126
abbauen	1.0	0.5035929679870605
abbauen	1.0	0.4129894971847534
abbauen	2.0	0.30131995677948
abbauen	4.0	0.8006476163864136
abbauen	2.0	0.32478809356689453
abbauen	4.0	0.9377328157424927
abbauen	4.0	0.9051929712295532
abbauen	2.0	0.35558590292930603
abbauen	2.0	0.279222697019577
abbauen	4.0	0.7517712116241455
abbauen	4.0	0.8362739086151123
abbauen	2.0	0.2436758428812027
abbauen	1.0	0.2950100898742676
abbauen	2.5	0.6854693293571472
abbauen	2.0	0.43262919783592224
abbauen	2.0	0.29074016213417053
abbauen	3.5	0.8873226642608643
abbauen	1.5	0.23404288291931152
abbauen	3.5	0.6917674541473389
abbauen	2.0	0.3176944851875305
abbauen	4.0	0.9313178658485413
abbauen	4.0	0.9109565019607544
abbauen	4.0	0.8527820706367493
abbauen	3.5	0.7743040323257446
abbauen	4.0	0.7714751958847046
abbauen	2.0	0.31575316190719604
abbauen	1.0	0.30036279559135437
abbauen	2.0	0.3266577422618866
abbauen	4.0	0.9273576736450195
abbauen	2.0	0.29008060693740845
abbauen	1.5	0.29656845331192017
abbauen	2.0	0.15175297856330872
abbauen	4.0	0.9516831636428833
abbauen	2.0	0.3462609648704529
abbauen	1.0	0.3338915705680847
abbauen	2.0	0.3467887341976166
abbauen	2.0	0.40008729696273804
abbauen	2.0	0.3273482322692871
abbauen	1.5	0.3585830628871918
abbauen	1.0	0.35188257694244385
abbauen	1.0	0.46666717529296875
abbauen	2.0	0.36159297823905945
abbauen	2.0	0.36121827363967896
abbauen	2.0	0.359893798828125
abbauen	2.0	0.38030093908309937
abbauen	2.0	0.4641526937484741
abbauen	2.0	0.3668324947357178
abbauen	2.0	0.36516281962394714
abbauen	1.5	0.3303925096988678
abbauen	2.0	0.34768760204315186
abbauen	2.0	0.348823606967926
abbauen	2.0	0.3206275701522827
abbauen	2.0	0.3577459156513214
abbauen	2.0	0.3211425840854645
abbauen	2.0	0.29718905687332153
abbauen	3.0	0.9390237331390381
abbauen	4.0	0.6912497282028198
abbauen	4.0	0.7357957363128662
abbauen	3.0	0.9619046449661255
abbauen	2.0	0.36435264348983765
abbauen	2.0	0.3671553134918213
abbauen	2.0	0.3495679199695587
abbauen	2.0	0.3580257296562195
abbauen	1.0	0.4217514991760254
abbauen	1.0	0.3368760943412781
abbauen	2.0	0.3605344891548157
abbauen	2.0	0.3791865110397339
abbauen	4.0	0.779839277267456
abbauen	2.0	0.3729678690433502
abbauen	4.0	0.905214786529541
abbauen	2.0	0.28426581621170044
abbauen	2.0	0.24014952778816223
abbauen	4.0	0.7258361577987671
abbauen	2.0	0.2644040882587433
abbauen	1.5	0.2646089196205139
abbauen	4.0	0.7598299980163574
abbauen	4.0	0.7638649940490723
abbauen	4.0	0.9136634469032288
abbauen	1.0	0.3453395366668701
abbauen	2.0	0.4223429560661316
abbauen	1.5	0.2847186028957367
abbauen	4.0	0.9356810450553894
abbauen	4.0	0.8633905053138733
abbauen	1.0	0.32648372650146484
abbauen	4.0	0.8129385709762573
abbauen	4.0	0.8792650699615479
abbauen	2.0	0.32950887084007263
abbauen	4.0	0.986968994140625
abbauen	1.5	0.4058884382247925
abbauen	2.0	0.3660956621170044
abbauen	2.0	0.3899831771850586
abbauen	2.0	0.4194526672363281
abbauen	2.0	0.22592344880104065
abbauen	1.0	0.34074246883392334
abbauen	1.0	0.4384835660457611
abbauen	1.5	0.37888044118881226
abbauen	1.0	0.348427951335907
abbauen	4.0	0.806908369064331
abbauen	2.0	0.2096090018749237
abbauen	2.0	0.30538302659988403
abbauen	2.0	0.21055418252944946
abbauen	2.0	0.33955127000808716
abbauen	4.0	0.6857849359512329
abbauen	4.0	0.6356180906295776
abbauen	4.0	0.9008784294128418
abbauen	1.5	0.7690514326095581
abbauen	2.0	0.2820902466773987
abbauen	3.5	0.7091251015663147
abbauen	4.0	0.8100088834762573
abbauen	3.0	0.46291202306747437
abbauen	4.0	0.9154211282730103
abbauen	2.0	0.2696800231933594
abbauen	4.0	0.7861691117286682
abbauen	3.5	0.7877295613288879
abbauen	2.0	0.23670336604118347
abbauen	2.0	0.2814341187477112
abbauen	3.0	0.519260585308075
abbauen	2.0	0.3916948437690735
abbauen	2.0	0.4034298062324524
abbauen	2.0	0.5525007247924805
abbauen	1.5	0.3349978029727936
abbauen	1.5	0.5269128680229187
abbauen	2.0	0.23856395483016968
abbauen	1.0	0.508842945098877
abbauen	2.0	0.2385539710521698
abbauen	4.0	0.8173630833625793
abbauen	2.0	0.18465065956115723
abbauen	2.0	0.2403535544872284
abbauen	4.0	0.5742554664611816
abbauen	4.0	0.5560046434402466
abbauen	4.0	0.8694199323654175
abbauen	2.0	0.22403967380523682
abbauen	4.0	0.590720534324646
abbauen	3.5	0.72878497838974
abbauen	4.0	0.723534107208252
abbauen	3.0	0.5557803511619568
abbauen	4.0	0.8269245624542236
abbauen	4.0	0.7555456161499023
abbauen	4.0	0.6954457759857178
abbauen	1.0	0.550585150718689
abbauen	4.0	0.8494481444358826
abbauen	4.0	0.8543814420700073
abbauen	4.0	0.8351302146911621
abbauen	4.0	0.6449860334396362
abbauen	4.0	0.6964200139045715
abbauen	2.0	0.3430682420730591
abbauen	4.0	0.8599165678024292
abbauen	4.0	0.7741302847862244
abbauen	3.0	0.8994600772857666
abbauen	3.0	0.9394233226776123
abbauen	2.0	0.4236680865287781
abbauen	4.0	0.9480422139167786
abbauen	2.0	0.44938960671424866
abbauen	2.0	0.4822995066642761
abbauen	2.0	0.43928009271621704
abbauen	1.0	0.7371124625205994
abbauen	2.0	0.396024227142334
abbauen	2.0	0.3738234043121338
abbauen	2.0	0.3934312164783478
abbauen	2.0	0.4467070996761322
abbauen	1.5	0.2841944694519043
abbauen	2.0	0.3367360234260559
abbauen	2.0	0.42140060663223267
abbauen	4.0	0.9084994792938232
abbauen	4.0	0.7917851805686951
abbauen	2.0	0.3376660943031311
abbauen	1.5	0.3585755228996277
abbauen	2.0	0.36185604333877563
abbauen	2.0	0.4269648790359497
abbauen	1.5	0.47103577852249146
abbauen	2.0	0.4208899736404419
abbauen	2.0	0.3584916293621063
abbauen	2.0	0.2926979959011078
abbauen	4.0	0.8325648307800293
abbauen	2.0	0.701539158821106
abbauen	2.0	0.2767479717731476
abbauen	4.0	0.8090788125991821
abbauen	2.0	0.3979407250881195
abbauen	2.0	0.5880123376846313
abbauen	4.0	0.7490854859352112
abbauen	2.0	0.33692455291748047
abbauen	2.0	0.24472454190254211
abbauen	2.0	0.4217374324798584
abbauen	4.0	0.9734441637992859
abbauen	4.0	0.8568270802497864
abbauen	1.5	0.38752105832099915
abbauen	1.0	0.3334176242351532
abbauen	1.0	0.39282140135765076
abbauen	2.0	0.4135376513004303
abbauen	2.0	0.33332744240760803
abbauen	2.0	0.34554702043533325
abbauen	2.0	0.3690394163131714
abbauen	1.5	0.29872024059295654
abbauen	1.0	0.32500308752059937
abbauen	1.5	0.41002610325813293
abbauen	2.0	0.37150123715400696
abbauen	2.0	0.29913443326950073
abbauen	1.0	0.6657188534736633
abbauen	4.0	0.6752099990844727
abbauen	4.0	0.6717811226844788
abbauen	3.0	0.6695780158042908
abbauen	3.0	0.3766285181045532
abbauen	3.0	0.4309506416320801
abbauen	3.0	0.6340376734733582
abbauen	4.0	0.6928913593292236
abbauen	4.0	0.7082170248031616
abbauen	2.0	0.3175961673259735
abbauen	1.5	0.29149019718170166
abbauen	4.0	0.8276320695877075
abbauen	2.0	0.36617475748062134
abbauen	3.0	0.6947912573814392
abbauen	2.0	0.36284536123275757
abbauen	1.0	0.5919032096862793
abbauen	3.5	0.8080808520317078
abbauen	4.0	0.8073955178260803
abbauen	2.0	0.45804595947265625
abbauen	2.0	0.5722918510437012
abbauen	1.0	0.3969535231590271
abbauen	2.0	0.39030545949935913
abbauen	1.5	0.4256625771522522
abbauen	4.0	0.6094424724578857
abbauen	4.0	0.8342392444610596
abbauen	4.0	0.9354962110519409
abbauen	4.0	0.7616044282913208
abbauen	1.0	0.6967811584472656
abbauen	1.0	0.7022597193717957
abbauen	1.0	0.5020227432250977
abbauen	1.0	0.5521525144577026
abbauen	1.0	0.7190901041030884
abbauen	1.5	0.7176321744918823
abbauen	1.0	0.49308663606643677
abbauen	1.0	0.8093817234039307
abbauen	1.5	0.8472237586975098
abbauen	4.0	0.7915797233581543
abbauen	4.0	0.8100948333740234
abbauen	4.0	0.8688857555389404
abbauen	1.0	0.6925952434539795
abbauen	3.0	0.6544802188873291
abbauen	4.0	0.5860987305641174
abbauen	4.0	0.6339199542999268
abbauen	4.0	0.8312571048736572
abbauen	4.0	0.8187005519866943
abbauen	4.0	0.81647789478302
abbauen	1.5	0.7408081293106079
abbauen	3.5	0.8502052426338196
abbauen	1.0	0.7741742134094238
abbauen	4.0	0.8208571672439575
abbauen	4.0	0.8129608035087585
abbauen	3.5	0.7901986241340637
abbauen	4.0	0.844032883644104
abbauen	1.5	0.08608798682689667
abbauen	1.5	0.09115634858608246
abbauen	2.0	0.9657981395721436
abbauen	4.0	0.9212857484817505
abbauen	1.5	0.4675421118736267
abbauen	2.0	0.9221953749656677
abbauen	1.5	0.21579530835151672
abbauen	1.0	0.11176317930221558
abbauen	3.5	0.9110240936279297
abbauen	2.0	0.9805494546890259
abbauen	4.0	0.9527735114097595
abbauen	1.5	0.1656816452741623
abbauen	2.0	0.7990696430206299
abbauen	4.0	0.7082219123840332
abbauen	4.0	0.8973348140716553
abbauen	4.0	0.8725740909576416
abbauen	4.0	0.8305211067199707
abbauen	4.0	0.23595744371414185
abbauen	3.5	0.3496828079223633
abbauen	4.0	0.8433642387390137
abbauen	4.0	0.9739334583282471
abbauen	4.0	0.8500549793243408
abbauen	1.5	0.0851510688662529
abbauen	2.0	0.06308253109455109
abbauen	1.0	0.11987803131341934
abbauen	1.0	0.07760164141654968
abbauen	2.0	0.17833657562732697
abbauen	1.0	0.38493019342422485
abbauen	1.0	0.3678194284439087
abbauen	2.0	0.16620758175849915
abbauen	2.0	0.12123997509479523
abbauen	1.0	0.2496926486492157
abbauen	4.0	0.8235181570053101
abbauen	1.0	0.1047019436955452
abbauen	4.0	0.7012851238250732
abbauen	4.0	0.654543399810791
abbauen	1.5	0.1920362412929535
abbauen	1.0	0.1368108093738556
abbauen	3.5	0.10938398540019989
abbauen	4.0	0.5046138763427734
abbauen	1.5	0.15592887997627258
abbauen	1.5	0.1533508449792862
abbauen	1.5	0.13903310894966125
abbauen	1.0	0.173716202378273
abbauen	2.0	0.32593533396720886
abbauen	1.5	0.13782450556755066
abbauen	2.0	0.2703683078289032
abbauen	1.5	0.09566215425729752
abbauen	1.5	0.154217928647995
abbauen	1.5	0.24911600351333618
abbauen	1.5	0.15150119364261627
abbauen	4.0	0.691254734992981
abbauen	4.0	0.6252003312110901
abbauen	4.0	0.6126745343208313
abbauen	4.0	0.6691003441810608
abbauen	4.0	0.8446202874183655
abbauen	3.5	0.6099370718002319
abbauen	3.5	0.8546653985977173
abbauen	4.0	0.7201764583587646
abbauen	1.0	0.1365571916103363
abbauen	2.0	0.876116156578064
abbauen	1.5	0.17973370850086212
abbauen	4.0	0.9676170945167542
abbauen	1.5	0.07143674045801163
abbauen	2.0	0.931760847568512
abbauen	4.0	0.7125216722488403
abbauen	1.5	0.21297037601470947
abbauen	2.0	0.9396092891693115
abbauen	4.0	0.8715171813964844
abbauen	1.5	0.11535554379224777
abbauen	1.0	0.184439554810524
abbauen	3.5	0.8685880303382874
abbauen	4.0	0.9093923568725586
abbauen	1.0	0.16775105893611908
abbauen	4.0	0.9209582805633545
abbauen	4.0	0.5535794496536255
abbauen	1.5	0.1521110236644745
abbauen	1.5	0.1543707251548767
abbauen	1.0	0.08426958322525024
abbauen	4.0	0.78103107213974
abbauen	1.5	0.12372024357318878
abbauen	4.0	0.947465181350708
abbauen	1.0	0.07908561825752258
abbauen	4.0	0.957601010799408
abbauen	4.0	0.7137875556945801
abbauen	3.5	0.9162308573722839
abbauen	4.0	0.8717072606086731
abbauen	4.0	0.8579647541046143
abbauen	4.0	0.8885616064071655
abbauen	4.0	0.7500219345092773
abbauen	4.0	0.853186845779419
abbauen	2.0	0.07373496145009995
abbauen	1.0	0.08641134947538376
abbauen	1.5	0.10021406412124634
abbauen	1.0	0.10600369423627853
abbauen	1.0	0.040486931800842285
abbauen	1.5	0.179057776927948
abbauen	1.0	0.15155833959579468
abbauen	1.5	0.10151529312133789
abbauen	3.5	0.3799126148223877
abbauen	4.0	0.8957854509353638
abbauen	1.5	0.08288871496915817
abbauen	4.0	0.8967267870903015
abbauen	4.0	0.8631868362426758
abbauen	4.0	0.8489473462104797
abbauen	4.0	0.7045469284057617
abbauen	1.5	0.16731886565685272
abbauen	4.0	0.33781421184539795
abbauen	4.0	0.6563233137130737
abbauen	1.5	0.10889799892902374
abbauen	1.5	0.11041608452796936
abbauen	1.0	0.1424294263124466
abbauen	1.5	0.1270267814397812
abbauen	2.0	0.11161200702190399
abbauen	3.0	0.9156554937362671
abbauen	2.0	0.08930055052042007
abbauen	4.0	0.7787938117980957
abbauen	1.0	0.1799827516078949
abbauen	1.0	0.11167393624782562
abbauen	4.0	0.837853729724884
abbauen	1.5	0.12512508034706116
abbauen	4.0	0.7932877540588379
abbauen	1.5	0.12710952758789062
abbauen	3.0	0.9331339597702026
abbauen	1.0	0.35775527358055115
abbauen	2.0	0.3622809946537018
abbauen	2.0	0.4991491436958313
abbauen	1.5	0.21871519088745117
abbauen	2.0	0.8349790573120117
abbauen	1.5	0.15234658122062683
abbauen	2.0	0.24779857695102692
abbauen	4.0	0.8137824535369873
abbauen	2.0	0.8549963235855103
abbauen	4.0	0.7936826348304749
abbauen	4.0	0.9632794857025146
abbauen	4.0	0.9678283333778381
abbauen	1.5	0.30992478132247925
abbauen	4.0	0.6760755181312561
abbauen	4.0	0.926090657711029
abbauen	4.0	0.5669711828231812
abbauen	4.0	0.8343040943145752
abbauen	4.0	0.6013416647911072
abbauen	1.5	0.19295841455459595
abbauen	2.0	0.41904887557029724
abbauen	1.5	0.2336691915988922
abbauen	1.5	0.31537729501724243
abbauen	1.5	0.3880910575389862
abbauen	1.5	0.6340300440788269
abbauen	4.0	0.8680868148803711
abbauen	1.0	0.08882834762334824
abbauen	1.5	0.7789535522460938
abbauen	4.0	0.8210808038711548
abbauen	1.0	0.12309888005256653
abbauen	2.5	0.935147225856781
abbauen	1.5	0.10786165297031403
abbauen	4.0	0.773887038230896
abbauen	2.0	0.7642295360565186
abbauen	4.0	0.6960087418556213
abbauen	4.0	0.8097727298736572
abbauen	1.5	0.17635229229927063
abbauen	4.0	0.810257077217102
abbauen	2.0	0.292132169008255
abbauen	2.0	0.891051173210144
abbauen	2.0	0.31012865900993347
abbauen	4.0	0.8404551148414612
abbauen	1.0	0.06058201938867569
abbauen	2.0	0.10061829537153244
abbauen	4.0	0.7706050872802734
abbauen	2.0	0.24596254527568817
abbauen	1.5	0.15362054109573364
abbauen	3.0	0.8890516757965088
abbauen	1.0	0.4520605206489563
abbauen	2.0	0.47019636631011963
abbauen	2.0	0.6138041019439697
abbauen	4.0	0.5234335064888
abbauen	2.5	0.8736565113067627
abbauen	2.0	0.957565188407898
abbauen	2.0	0.8243930339813232
abbauen	1.5	0.4184582531452179
abbauen	4.0	0.15744563937187195
abbauen	3.0	0.08839482069015503
abbauen	1.5	0.10113812983036041
abbauen	2.0	0.10403919965028763
abbauen	3.5	0.13415555655956268
abbauen	4.0	0.12482813745737076
abbauen	3.0	0.17153213918209076
abbauen	4.0	0.23672622442245483
abbauen	1.0	0.10469068586826324
abbauen	3.0	0.14373208582401276
abbauen	3.5	0.11657245457172394
abbauen	3.5	0.22798046469688416
abbauen	3.5	0.10710882395505905
abbauen	4.0	0.8097485303878784
abbauen	2.0	0.26031747460365295
abbauen	1.5	0.15506505966186523
abbauen	2.0	0.13238918781280518
abbauen	1.5	0.4577207565307617
abbauen	4.0	0.7989729642868042
abbauen	4.0	0.8179595470428467
abbauen	4.0	0.9490431547164917
abbauen	1.0	0.09096072614192963
abbauen	1.0	0.20771193504333496
abbauen	1.5	0.08623352646827698
abbauen	1.5	0.08163858205080032
abbauen	1.5	0.09829418361186981
abbauen	4.0	0.9175317287445068
abbauen	4.0	0.8358374834060669
abbauen	4.0	0.8863449692726135
abbauen	2.0	0.29463690519332886
abbauen	1.5	0.18082073330879211
abbauen	1.5	0.15566769242286682
abbauen	1.5	0.1482359915971756
abbauen	1.5	0.0748712345957756
abbauen	1.5	0.07196694612503052
abbauen	1.0	0.25410765409469604
abbauen	4.0	0.7056294679641724
abbauen	4.0	0.7385088801383972
abbauen	4.0	0.04301685839891434
abbauen	2.0	0.31108951568603516
abbauen	1.0	0.21286475658416748
abbauen	1.5	0.2627312242984772
abbauen	4.0	0.8174898028373718
abbauen	4.0	0.7974252700805664
abbauen	4.0	0.4214498698711395
abbauen	4.0	0.5118924379348755
abbauen	4.0	0.494377076625824
abbauen	3.5	0.4005679488182068
abbauen	4.0	0.7539992332458496
abbauen	4.0	0.7449123859405518
abbauen	4.0	0.8876131772994995
abbauen	4.0	0.6470659375190735
abbauen	4.0	0.5028859972953796
abbauen	4.0	0.8766058087348938
abbauen	4.0	0.7895983457565308
abbauen	4.0	0.4821324944496155
abbauen	4.0	0.8869612216949463
abbauen	4.0	0.8283588886260986
abbauen	4.0	0.41866907477378845
abbauen	4.0	0.677029550075531
abbauen	4.0	0.8818564414978027
abbauen	4.0	0.855684757232666
abbauen	3.5	0.7298300266265869
abbauen	1.5	0.32401418685913086
abbauen	4.0	0.6712627410888672
abbauen	4.0	0.672337532043457
abbauen	4.0	0.8985118865966797
abbauen	4.0	0.6029355525970459
abbauen	4.0	0.7589104175567627
abbauen	4.0	0.3812950849533081
abbauen	4.0	0.5642805099487305
abbauen	4.0	0.37242045998573303
abbauen	4.0	0.7298657298088074
abbauen	4.0	0.8536226749420166
abbauen	4.0	0.8369038701057434
abbauen	4.0	0.4939636290073395
abbauen	4.0	0.7880719900131226
abbauen	4.0	0.7841700911521912
abbauen	4.0	0.7263598442077637
abbauen	4.0	0.8950804471969604
abbauen	4.0	0.8517935872077942
abbauen	4.0	0.7908738851547241
abbauen	4.0	0.49019497632980347
abbauen	4.0	0.7732492685317993
abbauen	4.0	0.9467282295227051
abbauen	4.0	0.826472818851471
abbauen	4.0	0.7603592276573181
abbauen	4.0	0.8613923788070679
abbauen	4.0	0.8607206344604492
abbauen	1.5	0.23541474342346191
abbauen	4.0	0.8189264535903931
abbauen	4.0	0.7749038338661194
abbauen	4.0	0.8225510120391846
abbauen	4.0	0.9192885160446167
abbauen	3.5	0.8998640775680542
abbauen	3.5	0.9320632219314575
abbauen	3.5	0.9533655643463135
abbauen	2.0	0.336894154548645
abbauen	4.0	0.9152424335479736
abbauen	4.0	0.907690167427063
abbauen	2.0	0.41249632835388184
abbauen	2.0	0.3904566168785095
abbauen	2.5	0.47719722986221313
abbauen	2.0	0.324097216129303
abbauen	2.0	0.36857593059539795
abbauen	2.0	0.3440685272216797
abbauen	4.0	0.6637856960296631
abbauen	4.0	0.7920303344726562
abbauen	2.0	0.2648082375526428
abbauen	4.0	0.6609287858009338
abbauen	2.0	0.4768841862678528
abbauen	4.0	0.851852297782898
abbauen	2.0	0.37910494208335876
abbauen	4.0	0.8929736614227295
abbauen	2.0	0.28380221128463745
abbauen	2.5	0.30131012201309204
abbauen	4.0	0.7695149183273315
abbauen	1.5	0.26313966512680054
abbauen	2.0	0.29594510793685913
abbauen	4.0	0.9409219026565552
abbauen	4.0	0.9101264476776123
abbauen	4.0	0.9154765605926514
abbauen	4.0	0.8719179630279541
abbauen	2.0	0.15234078466892242
abbauen	4.0	0.567259669303894
abbauen	4.0	0.7702984809875488
abbauen	2.0	0.30225348472595215
abbauen	2.0	0.2773471176624298
abbauen	3.5	0.8943291902542114
abbauen	4.0	0.8797372579574585
abbauen	2.0	0.2963249087333679
abbauen	2.0	0.3574399948120117
abbauen	2.0	0.3100804090499878
abbauen	4.0	0.8877429962158203
abbauen	4.0	0.8441085815429688
abbauen	4.0	0.8970546722412109
abbauen	3.5	0.7605974674224854
abbauen	4.0	0.7198734283447266
abbauen	4.0	0.5330610275268555
abbauen	3.5	0.6843665838241577
abbauen	4.0	0.6977443695068359
abbauen	3.0	0.49638599157333374
abbauen	3.5	0.7704330682754517
abbauen	2.0	0.34747380018234253
abbauen	4.0	0.5866376757621765
abbauen	4.0	0.7237603068351746
abbauen	2.0	0.42259442806243896
abbauen	3.5	0.4872984290122986
abbauen	4.0	0.6523828506469727
abbauen	2.0	0.5060697197914124
abbauen	4.0	0.677687406539917
abbauen	4.0	0.662902295589447
abbauen	2.0	0.4231768250465393
abbauen	2.0	0.3415640592575073
abbauen	2.0	0.44987016916275024
abbauen	2.0	0.3643476665019989
abbauen	2.0	0.280185729265213
abbauen	2.0	0.3072618246078491
abbauen	2.0	0.38937753438949585
abbauen	2.0	0.38251402974128723
abbauen	2.0	0.32885298132896423
abbauen	2.0	0.4727444052696228
abbauen	2.0	0.3610643148422241
abbauen	2.0	0.4089776277542114
abbauen	2.0	0.2908609211444855
abbauen	2.0	0.3442508280277252
abbauen	3.0	0.6508525609970093
abbauen	2.0	0.2540770471096039
abbauen	2.0	0.48403120040893555
abbauen	2.0	0.3376848101615906
abbauen	2.0	0.3837365508079529
abbauen	2.0	0.40966469049453735
abbauen	2.0	0.34484413266181946
abbauen	2.0	0.3186376392841339
abbauen	2.0	0.6849972009658813
abbauen	4.0	0.6979880928993225
abbauen	2.0	0.38237762451171875
abbauen	2.0	0.35116496682167053
abbauen	2.0	0.4091545045375824
abbauen	2.0	0.3458646535873413
abbauen	2.0	0.3773645758628845
abbauen	2.0	0.41907232999801636
abbauen	2.0	0.3178306818008423
abbauen	2.0	0.3584427535533905
abbauen	2.0	0.4774422347545624
abbauen	2.0	0.2493562400341034
abbauen	2.0	0.3360816538333893
abbauen	2.0	0.4357970356941223
abbauen	2.0	0.4421847462654114
abbauen	2.0	0.3342238664627075
abbauen	2.0	0.3116455078125
abbauen	4.0	0.6063991785049438
abbauen	2.0	0.32224494218826294
abbauen	3.5	0.7971745729446411
abbauen	4.0	0.9467678070068359
abbauen	2.0	0.6216001510620117
abbauen	3.5	0.8675342798233032
abbauen	2.0	0.320139616727829
abbauen	2.0	0.4743647873401642
abbauen	2.0	0.3230457901954651
abbauen	2.0	0.33118003606796265
abbauen	3.0	0.3306790888309479
abbauen	2.0	0.2762860655784607
abbauen	2.0	0.30826497077941895
abbauen	2.0	0.23551690578460693
abbauen	2.0	0.3131285309791565
abbauen	3.5	0.7399961948394775
abbauen	3.5	0.945778489112854
abbauen	2.0	0.3580668866634369
abbauen	4.0	0.8197069764137268
abbauen	4.0	0.7220866680145264
abbauen	3.5	0.9476715326309204
abbauen	4.0	0.8893650770187378
abbauen	3.0	0.8997128009796143
abbauen	3.5	0.8746399879455566
abbauen	4.0	0.8520227670669556
abbauen	2.0	0.36602139472961426
abbauen	4.0	0.9322373867034912
abbauen	4.0	0.8058525323867798
abbauen	4.0	0.8832322359085083
abbauen	2.0	0.29172420501708984
abbauen	4.0	0.9305461645126343
abbauen	2.0	0.33076372742652893
abbauen	4.0	0.8561201095581055
abbauen	2.0	0.3332224190235138
abbauen	2.0	0.5370880365371704
abbauen	4.0	0.8414614200592041
abbauen	4.0	0.8246901631355286
abbauen	2.0	0.40399816632270813
abbauen	4.0	0.9189676642417908
abbauen	3.0	0.9159064292907715
abbauen	3.5	0.5019735097885132
abbauen	2.0	0.33503133058547974
abbauen	2.0	0.2715373635292053
abbauen	2.0	0.27559730410575867
abbauen	2.0	0.2529582381248474
abbauen	2.0	0.23937176167964935
abbauen	3.0	0.7661788463592529
abbauen	2.0	0.24264927208423615
abbauen	3.5	0.8962249755859375
abbauen	4.0	0.7570977210998535
abbauen	3.0	0.32787248492240906
abbauen	2.0	0.34718000888824463
abbauen	2.0	0.29248708486557007
abbauen	2.0	0.3555220365524292
abbauen	2.0	0.3167653977870941
abbauen	2.0	0.3033365309238434
abbauen	2.0	0.31388211250305176
abbauen	2.0	0.20612597465515137
abbauen	2.0	0.31502991914749146
abbauen	2.0	0.6792107820510864
abbauen	4.0	0.704879641532898
abbauen	2.0	0.3541654348373413
abbauen	2.0	0.35467198491096497
abbauen	2.0	0.23037433624267578
abbauen	2.0	0.291795015335083
abbauen	2.0	0.29760855436325073
abbauen	2.0	0.3850579261779785
abbauen	2.0	0.1999664604663849
abbauen	2.0	0.21735814213752747
abbauen	2.0	0.3119230270385742
abbauen	2.0	0.3283345103263855
abbauen	2.0	0.22718635201454163
abbauen	2.0	0.3401736915111542
abbauen	2.0	0.30481189489364624
abbauen	2.0	0.23103241622447968
abbauen	2.0	0.30208420753479004
abbauen	3.5	0.4681324362754822
abbauen	4.0	0.9654359221458435
abbauen	2.0	0.26334404945373535
abbauen	4.0	0.8316855430603027
abbauen	4.0	0.8343576192855835
abbauen	4.0	0.9570759534835815
abbauen	2.0	0.2617180347442627
abbauen	2.0	0.3524407148361206
abbauen	4.0	0.9165257215499878
abbauen	2.0	0.41601893305778503
abbauen	4.0	0.8997747898101807
abbauen	2.0	0.3137120008468628
abbauen	3.0	0.8763244152069092
abbauen	2.0	0.32253265380859375
abbauen	4.0	0.8983594179153442
abbauen	4.0	0.9361724257469177
abbauen	2.0	0.35361701250076294
abbauen	2.0	0.2992331385612488
abbauen	2.0	0.3213927149772644
abbauen	2.0	0.3115594983100891
abbauen	3.5	0.8387725353240967
abbauen	3.5	0.9271233677864075
abbauen	2.0	0.30488452315330505
abbauen	3.0	0.9228050708770752
abbauen	4.0	0.9339561462402344
abbauen	2.0	0.21892614662647247
abbauen	2.0	0.44803380966186523
abbauen	2.0	0.298891544342041
abbauen	2.0	0.34059852361679077
abbauen	2.0	0.2511526048183441
abbauen	2.0	0.1722763031721115
abbauen	3.5	0.7918607592582703
abbauen	4.0	0.4931183457374573
abbauen	3.0	0.8308578729629517
abbauen	2.0	0.3156754672527313
abbauen	4.0	0.8496987819671631
abbauen	3.5	0.5437164306640625
abbauen	4.0	0.5660997629165649
abbauen	2.0	0.3864864110946655
abbauen	2.0	0.4046051502227783
abbauen	2.0	0.2717454135417938
abbauen	2.0	0.39936208724975586
abbauen	2.0	0.22115933895111084
abbauen	2.0	0.29547110199928284
abbauen	2.0	0.1865999549627304
abbauen	2.0	0.36880093812942505
abbauen	2.0	0.2903980016708374
abbauen	2.0	0.2804574966430664
abbauen	2.0	0.312063992023468
abbauen	2.0	0.37689918279647827
abbauen	2.0	0.32140886783599854
abbauen	4.0	0.7928649187088013
abbauen	2.0	0.25534290075302124
abbauen	4.0	0.9668551087379456
abbauen	2.0	0.14751741290092468
abbauen	2.0	0.21232230961322784
abbauen	2.0	0.09817591309547424
abbauen	3.5	0.8704444169998169
abbauen	2.0	0.18920190632343292
abbauen	4.0	0.8633041381835938
abbauen	2.0	0.2618037462234497
abbauen	3.5	0.8210197687149048
abbauen	2.0	0.19083240628242493
abbauen	2.0	0.14609310030937195
abbauen	2.0	0.225117027759552
abbauen	2.0	0.22714462876319885
abbauen	2.0	0.1473253071308136
abbauen	2.0	0.1745958775281906
abbauen	2.0	0.17852258682250977
abbauen	3.0	0.1546197384595871
abbauen	2.0	0.18039670586585999
abbauen	3.5	0.7690897583961487
abbauen	2.0	0.32589635252952576
abbauen	4.0	0.9178977012634277
abbauen	2.0	0.2461479902267456
abbauen	3.0	0.4845040440559387
abbauen	4.0	0.8208309412002563
abbauen	4.0	0.9812080264091492
abbauen	2.0	0.24917802214622498
abbauen	4.0	0.9659959077835083
abbauen	4.0	0.8132420182228088
abbauen	2.0	0.3607404828071594
abbauen	2.0	0.324609637260437
abbauen	4.0	0.8908958435058594
abbauen	2.0	0.33707892894744873
abbauen	4.0	0.8592478036880493
abbauen	4.0	0.7681286931037903
abbauen	4.0	0.9280182123184204
abbauen	4.0	0.8684092164039612
abbauen	4.0	0.9410263299942017
abbauen	2.0	0.28801432251930237
abbauen	2.0	0.33283865451812744
abbauen	2.0	0.2792593240737915
abbauen	2.0	0.23313838243484497
abbauen	4.0	0.6788797378540039
abbauen	4.0	0.827086329460144
abbauen	2.0	0.33093002438545227
abbauen	3.0	0.8124444484710693
abbauen	2.0	0.3417014479637146
abbauen	4.0	0.9811878204345703
abbauen	2.0	0.30290859937667847
abbauen	4.0	0.6621566414833069
abbauen	3.0	0.6438499689102173
abbauen	4.0	0.7642191052436829
abbauen	3.5	0.8505767583847046
abbauen	3.0	0.7706838250160217
abbauen	2.0	0.36810413002967834
abbauen	4.0	0.9157323837280273
abbauen	2.0	0.38194048404693604
abbauen	2.0	0.29134756326675415
abbauen	4.0	0.9139830470085144
abbauen	2.0	0.23863987624645233
abbauen	4.0	0.8854482769966125
abbauen	3.5	0.7237086296081543
abbauen	2.0	0.2121269702911377
abbauen	4.0	0.6408083438873291
abbauen	3.5	0.7793316841125488
abbauen	4.0	0.7497803568840027
abbauen	4.0	0.8646706938743591
abbauen	4.0	0.7830749154090881
abbauen	4.0	0.6579582691192627
abbauen	4.0	0.9417110681533813
abbauen	4.0	0.862324595451355
abbauen	4.0	0.5982969999313354
abbauen	2.0	0.5569660663604736
abbauen	3.5	0.6682611703872681
abbauen	2.0	0.4887745976448059
abbauen	2.0	0.31444671750068665
abbauen	3.5	0.8604844808578491
abbauen	2.0	0.3890687823295593
abbauen	4.0	0.6425654888153076
abbauen	3.5	0.9059162139892578
abbauen	2.0	0.7270815372467041
abbauen	4.0	0.854192316532135
abbauen	4.0	0.924903154373169
abbauen	4.0	0.7247577905654907
abbauen	2.0	0.3215838670730591
abbauen	3.5	0.9549304246902466
abbauen	4.0	0.9228237867355347
abbauen	3.5	0.7080262899398804
abbauen	4.0	0.9501699209213257
abbauen	2.0	0.3065268099308014
abbauen	4.0	0.7314612865447998
abbauen	2.5	0.7679916024208069
abbauen	4.0	0.7321745157241821
abbauen	4.0	0.8891018629074097
abbauen	2.0	0.22195318341255188
abbauen	3.0	0.27833396196365356
abbauen	2.0	0.4683893322944641
abbauen	2.0	0.41118571162223816
abbauen	3.0	0.4953742027282715
abbauen	2.5	0.7073847055435181
abbauen	2.0	0.3008403182029724
abbauen	2.0	0.35303860902786255
abbauen	4.0	0.9000905156135559
abbauen	4.0	0.6958581805229187
abbauen	3.5	0.38098883628845215
abbauen	2.0	0.3167465329170227
abbauen	2.0	0.33732569217681885
abbauen	4.0	0.5737839937210083
abbauen	4.0	0.6695562601089478
abbauen	2.0	0.15821990370750427
abbauen	4.0	0.6517056226730347
abbauen	4.0	0.5229988694190979
abbauen	4.0	0.70746910572052
abbauen	4.0	0.7349177002906799
abbauen	4.0	0.6881568431854248
abbauen	4.0	0.5548873543739319
abbauen	2.0	0.7925925254821777
abbauen	2.0	0.5945459604263306
abbauen	2.0	0.25730040669441223
abbauen	4.0	0.9117074012756348
abbauen	4.0	0.9219189882278442
abbauen	4.0	0.967997670173645
abbauen	2.0	0.3669142723083496
abbauen	2.0	0.30781489610671997
abbauen	3.5	0.8646931648254395
abbauen	2.0	0.2933369278907776
abbauen	4.0	0.8267722129821777
abbauen	2.0	0.3270886540412903
abbauen	2.0	0.2973383069038391
abbauen	2.0	0.3948628902435303
abbauen	2.0	0.1547202169895172
abbauen	3.0	0.2986162602901459
abbauen	2.0	0.2836148738861084
abbauen	4.0	0.6999711990356445
abbauen	2.0	0.32794249057769775
abbauen	2.0	0.33971115946769714
abbauen	2.0	0.7752643823623657
abbauen	2.0	0.30447882413864136
abbauen	3.5	0.5986837148666382
abbauen	2.0	0.47944098711013794
abbauen	2.0	0.3319993019104004
abbauen	2.0	0.3561985492706299
abbauen	2.0	0.2992580831050873
abbauen	2.0	0.26152628660202026
abbauen	4.0	0.2769031524658203
abbauen	2.0	0.3505125939846039
abbauen	2.0	0.41720473766326904
abbauen	2.0	0.3668012320995331
abbauen	2.0	0.3082540035247803
abbauen	2.0	0.3013899326324463
abbauen	2.0	0.3764435052871704
abbauen	2.0	0.3205801248550415
abbauen	2.0	0.2912260591983795
abbauen	2.0	0.32170945405960083
abbauen	2.0	0.28879791498184204
abbauen	2.0	0.3663516640663147
abbauen	2.0	0.3783884346485138
abbauen	2.0	0.308717280626297
abbauen	2.0	0.3259550929069519
abbauen	2.0	0.30623292922973633
abbauen	2.0	0.24897222220897675
abbauen	2.0	0.19888347387313843
abbauen	2.0	0.3180724084377289
abbauen	2.0	0.387668639421463
abbauen	2.0	0.33000925183296204
abbauen	3.0	0.8753628730773926
abbauen	2.5	0.5196282267570496
abbauen	2.0	0.2981756031513214
abbauen	2.0	0.33209228515625
abbauen	4.0	0.9313523769378662
abbauen	3.0	0.4918322265148163
abbauen	4.0	0.8913114070892334
abbauen	4.0	0.937897801399231
abbauen	3.0	0.5109149813652039
abbauen	2.0	0.28598296642303467
abbauen	4.0	0.8365963101387024
abbauen	3.0	0.8412964344024658
abbauen	4.0	0.8765220046043396
abbauen	4.0	0.8756284117698669
abbauen	4.0	0.7698677778244019
abbauen	4.0	0.7973041534423828
abbauen	4.0	0.8645164370536804
abbauen	3.5	0.9408774375915527
abbauen	4.0	0.8407726287841797
abbauen	4.0	0.8402654528617859
abbauen	4.0	0.8019797801971436
abbauen	4.0	0.7590463161468506
abbauen	4.0	0.8205056190490723
abbauen	4.0	0.8127492666244507
abbauen	4.0	0.8368040323257446
abbauen	3.0	0.8081507682800293
abbauen	3.5	0.6208564043045044
abbauen	4.0	0.8087608814239502
abbauen	4.0	0.8323473334312439
abbauen	4.0	0.6580747365951538
abbauen	4.0	0.6520739793777466
abbauen	2.0	0.20396503806114197
abbauen	4.0	0.9001946449279785
abbauen	4.0	0.7857531309127808
abbauen	3.0	0.9175616502761841
abbauen	3.5	0.8605921268463135
abbauen	4.0	0.7407889366149902
abbauen	4.0	0.883698046207428
abbauen	4.0	0.7694883942604065
abbauen	3.5	0.7591350078582764
abbauen	3.5	0.931420087814331
abbauen	4.0	0.8628488779067993
abbauen	2.5	0.8871723413467407
abbauen	4.0	0.897696852684021
abbauen	3.5	0.7149217128753662
abbauen	3.5	0.5454477071762085
abbauen	2.0	0.7212103605270386
abbauen	4.0	0.7875670194625854
abbauen	3.0	0.8228945732116699
abbauen	4.0	0.9779461622238159
abbauen	3.0	0.6628797650337219
abbauen	2.0	0.45430704951286316
abbauen	3.5	0.7896280288696289
abbauen	4.0	0.9396467208862305
abbauen	3.0	0.839927077293396
abbauen	4.0	0.6583672761917114
abbauen	4.0	0.7946398854255676
abbauen	3.0	0.8314357399940491
abbauen	3.5	0.8413424491882324
abbauen	4.0	0.8982435464859009
abbauen	2.0	0.4662941098213196
abbauen	3.0	0.2692778408527374
abbauen	4.0	0.7524850964546204
abbauen	4.0	0.8014252781867981
abbauen	3.5	0.8562931418418884
abbauen	2.0	0.45053988695144653
abbauen	4.0	0.8929158449172974
abbauen	4.0	0.8078898191452026
abbauen	3.0	0.8591612577438354
abbauen	4.0	0.8952291011810303
abbauen	4.0	0.8326187133789062
abbauen	4.0	0.5508534908294678
abbauen	3.5	0.6063111424446106
abbauen	4.0	0.7970691919326782
abbauen	4.0	0.6527991890907288
abbauen	4.0	0.8887938261032104
abbauen	3.0	0.8086926937103271
abbauen	2.0	0.5936806201934814
abbauen	3.0	0.7942678928375244
abbauen	2.0	0.4739238917827606
abbauen	2.0	0.4647769629955292
abbauen	2.0	0.5789796113967896
abbauen	2.0	0.5147500038146973
abbauen	2.0	0.30758991837501526
abbauen	4.0	0.7542743682861328
abbauen	3.5	0.8436673879623413
abbauen	3.0	0.8952431678771973
abbauen	4.0	0.7999850511550903
abbauen	4.0	0.6752345561981201
abbauen	3.5	0.7603905200958252
abbauen	3.0	0.2812052071094513
abbauen	2.0	0.3478661775588989
abbauen	4.0	0.7285282611846924
abbauen	3.5	0.7564189434051514
abbauen	4.0	0.7248625159263611
abbauen	3.5	0.7707857489585876
abbauen	3.5	0.8287692070007324
abbauen	2.0	0.6239490509033203
abbauen	2.0	0.7063214778900146
abbauen	2.0	0.7680861353874207
abbauen	2.0	0.6845571398735046
abbauen	2.0	0.5966199636459351
abbauen	4.0	0.6497517824172974
abbauen	4.0	0.9360700249671936
abbauen	4.0	0.9168044924736023
abbauen	4.0	0.7706735134124756
abbauen	4.0	0.8013728857040405
abbauen	4.0	0.8265091776847839
abbauen	3.0	0.7299326658248901
abbauen	4.0	0.9675276279449463
abbauen	4.0	0.7581917643547058
abbauen	4.0	0.9189255237579346
abbauen	3.5	0.7446954846382141
abbauen	4.0	0.9383233785629272
abbauen	4.0	0.8739974498748779
abbauen	4.0	0.8304904699325562
abbauen	4.0	0.6977754831314087
abbauen	2.0	0.7091182470321655
abbauen	3.5	0.7107478380203247
abbauen	3.0	0.8758180737495422
abbauen	4.0	0.7618319392204285
abbauen	3.0	0.7610675096511841
abbauen	3.5	0.8434893488883972
abbauen	3.5	0.9299861192703247
abbauen	4.0	0.9724363684654236
abbauen	3.5	0.9447863698005676
abbauen	3.5	0.9379580616950989
abbauen	4.0	0.9401811361312866
abbauen	4.0	0.8072433471679688
abbauen	2.0	0.546837329864502
abbauen	2.0	0.23101453483104706
abbauen	3.0	0.7729307413101196
abbauen	3.0	0.9064598083496094
abbauen	3.5	0.9037662744522095
abbauen	4.0	0.7134917974472046
abbauen	4.0	0.6831701397895813
abbauen	4.0	0.7375756502151489
abbauen	4.0	0.8320474624633789
abbauen	3.0	0.8742253184318542
abbauen	4.0	0.9074395895004272
abbauen	4.0	0.8804145455360413
abbauen	3.5	0.8576500415802002
abbauen	3.5	0.8985979557037354
abbauen	4.0	0.8742647171020508
abbauen	4.0	0.9370133876800537
abbauen	4.0	0.9636033773422241
abbauen	4.0	0.9628216624259949
abbauen	4.0	0.9109753370285034
abbauen	4.0	0.8893179893493652
abbauen	4.0	0.8119539022445679
abbauen	4.0	0.7390230298042297
abbauen	4.0	0.9561982154846191
abbauen	3.5	0.706728458404541
abbauen	4.0	0.8859564065933228
abbauen	4.0	0.9457616209983826
